26966491A,Carlos,Gómez Pino,C/Zarzuela Baja,957463843,654738362,cgpino34@gmail.com,i32gopic@uco.es,@cgomez_34,carlos.gomezpino,Muy guapo,si,6
27363527B,Antonio,Pérez Rubalcaba,C/Palitos Pescanova,963826372,,antomacarra@hotmail.com,,@petardo,antonio.perezrubalcaba,,no,1
32742632D,Jesus,Gómez Pino,C/Perro flojo,836483943,,shurmano@hotmail.com,,@tete22,jesus.gomezpino,vivalinux,no,2
82364283B,Carmen,Ponferrada Esteban,C/CampanadasCanalSur,437593943,643834347,carmenshulaxoni@hotmail.com,busconovio@hotmail.com,@lahxoni23,carmenxu.ponferradaesteban,no,no,0
87236284A,Javier,Sanchez Monedero,C/Paraiso Extremo,174394394,,i02samoj@uco.es,,@javisamo,javier.sanchezmonedero,vivalinux,si,7
83482343C,Mario,Bros,C/Reino Champiñon,238434343,,supermario@hotmail.com,,@mariobros,mario.bros,dameunbesopeach,si,5
23482324D,Rafa,Mora,C/Perdón por el retraso,234234234,,suhpremoh69@hotmail.com,,@rafamoratete,rafa.mora,toipetao,no,3
82523934C,Cloud,Strife,C/Final Fantasy VII,434435353,,cloudstrife@gmail.com,,@cloudstrife,cloud.strife,besame Aerith,no,2
32582342C,Luigi,Bros,C/Reino Champiñon,248232423,,superluigi@hotmail.com,,@luigibros,luigi.bros,dameunbesodaysi,no,4
27342384D,Maria,Lana,C/Salchichas Campofrio,242334534,,marialaxula@hotmail.com,,@surmana,maria.lana,,no,2
42348234A,Miguel,Poronga,C/Mamita Dulce,323143493,,migue@micorreo.com,,@churuchu,miguel.poronga,,no,4
43953483B,Bin,Laden,C/Bajo el Mar,223243242,,,,@binladen,bin.laden,,no,2
23412312A,Sonia,Pérez Rubalcaba,C/Patatas Lays,234234134,,soniachula@hotmail.com,,@sonialamacu,sonia.perezrubalcaba,trabajadora,si,6
34294232B,Sonic,Hedgehog,C/Green Hill Zone,232423842,,sonicelerizo@hotmail.com,,@sonicthehedgehog,sonic.elerizo,rapido,no,4
21392392C,Arturo,Gallego Segador,C/Suspenso,345321532,,arturun@hotmail.com,,@artur,arturo.gallego,suspenso,no,3
15454679J,vv,Rio Barrilero,C/ Antonio Arroyo 33,664202092,,jesusriobarrilero@gmail.com,,aaaaa@mitwitter,,notas,si,0
