70473769K,Victor,Abril Sotelo,Av. La Paz 5,6256454460,460,lama@gmail.com,carleta@hotmail.com,Victor,Victor,Notas16,si,12
19264332S,Maria Concepción,Alcolea Piris,Av. La Palmera 05,8182868336,336,marc@gmail.com,simons@gmail.com,Concepción,Concepción,Notas89,si,9
81844865D,Pablo,Alegria Pedrosa,C/ Invernadero 36,8283720476,476,equipo2@gmail.com,keikami@hotmail.com,Pablo,Pablo,Notas96,si,5
62736344A,Samuel,Alsina Nicolau,C/ Benito Juarez 99,6719350659,659,yoyyomismo@gmail.com,carmensita@hotmail.com,Samu,Samu,Notas9,si,20
42068389D,Sonia,Amaya Valdivia,C/ Morelos 96,6854631415,415,orden@gmail.com,rosi@hotmail.com,Sonia,Sonia,Notas11,si,10
62198071E,Aitor,Amor Mediavilla,C/ Merino 12,6735480384,384,acetato23@gmail.com,tami23@gmail.com,Aitor,Aitor,Notas99,si,9
49107445F,Álvaro,Antequera Cañellas,Av. Felipe IV 41,8837897782,782,ma482@hotmail.com,sinceridad@yahoo.es,Álvaro,Álvaro,Notas72,no,6
68781502W,Andrés,Baños Georgieva,C/ Agustin Lara 69,7582789308,308,lusa@gmail.com,Bele1958@armyspy.com,Andrés,Andrés,Notas1,si,5
56020861Z,Maria Ángeles,Bermejo Carril,Av. Blas Infante 33,7531085900,900,greenvalley2@gmail.com,deivid67@gmail.com,MariaA,MariaA,Notas28,si,10
99734752J,César,Bouzas Mesa,Av. Luis de Gongora 17,8156796917,917,nocturnidad@gmail.com,nuryymad@gmail.com,César,César,Notas51,no,1
23136336S,Isabel,Caballero Rivas,C/ Perejil 12,7303188729,729,iframe@gmail.com,mariavillar@hotmail.com,Isabel,Isabel,Notas53,si,8
71431008T,Isabel,Cabezas Casares,Av. Mercado Central 78,6824023891,891,joselito19@gmail.com,car@gmail.com,Isabel,Isabel,Notas15,si,13
92270749Q,Miguel Ángel,Calabuig Barón,C/ Benito Moreno 12,8468876791,791,moreno3@gmail.com,calidad@gmail.com,Miguel,Miguel,Notas92,no,2
60477885Y,Lorenzo,Calvet Capo,C/ Panamá 11,6105482427,427,i32alala@uco.es,aguademayo@hotmail.com,Lorenzo,Lorenzo,Notas38,no,3
61385064L,Maria Ángeles,Camaño Marcos,C/ Amapolas 12,7581084016,016,todoynada@hotmail.com,irene@gmail.com,Ángeles,Ángeles,Notas60,si,7
54442004S,Maria Pilar,Campo Climent,C/ Julio Pellicer 44,7989111726,726,maria34@gmail.com,cyreyes@gmail.com,Maria,Maria,Notas41,no,1
93501665H,Pablo,Campoy Alguacil,C/ Felicidad 32,6704201616,616,gordito@gmail.com,jvera@gmail.com,Pablo,Pablo,Notas22,no,2
21721759F,Olga,Campoy Yanes,Av. Los Mochos 45,8450056665,665,naturaleza12@gmail.com,fran89@gmail.com,Olga,Olga,Notas73,no,4
81812084A,Maria Cristina,Canales Pons,C/ Palma 25,6855151729,729,ana@hotmail.com,pepe3@gmail.com,Cristina,Cristina,Notas12,no,1
33475411S,Lorenzo,Capilla Carreño,C/ Espinosa 01,7877726272,272,solete@gmail.com,elsuso@gmail.com,Lorenzo,Lorenzo,Notas69,no,1
39826737Y,Maria Rosario,Castell Neira,Av. 5 de Mayo 45,7110387446,446,poderoso@hotmail.com,Antonio454@gmail.com,Maria,Maria,Notas6,no,7
56325624G,Emilio,Cejudo Panadero,C/ Sagrario 74,7360779418,418,loco@hotmail.com,artur45@hotmail.com,Emilio,Emilio,Notas27,si,11
69514690L,Eva Maria,Cerda Capo,C/ Lugo 24,6480984027,027,banderas45@hotmail.com,nuriamata@gmail.com,Eva,Eva,Notas79,no,2
28576083D,Gregorio,Cerda Parreño,C/ Santaella 33,7793195099,099,carmelilla@hotmail.com,verita@hotmail.com,Gregorio,Gregorio,Notas13,si,15
63281666H,Marc,Clavero Lobo,C/ El Arrecife 115,8668059163,163,pedritoelsabio@gmail.com,notariomiguel@hotmail.com,Marc,Marc,Notas90,si,7
81040291K,Mónica,Clemente Olmedo,C/ Los Patios 36,6317782464,464,mozilla@gmail.com,sebaldom22@gmail.com,Mónica,Mónica,Notas24,no,6
30934649V,Tomás,Comino Vilches,C/ Guatemala 33,8576306122,122,i78iolea@uco.es,ledesma2234@gmail.com,Tomás,Tomás,Notas39,no,2
45948064K,Juan José,Cozar Gracia,C/ Matamoros 310,6207633399,399,Felisa@gmail.com,Juan@gmail.com,JuanJo,JuanJo,Notas5,si,9
55895194L,Sergio,Cruces Vieira,C/ Rio Seco 19,8927595765,765,Susana@gmail.com,antoñito2@gmail.com,Sergio,Sergio,Notas63,no,2
14543182Y,Iván,De La Calle Lage,C/ Maria Luisa 123,7462433477,477,romanticismo2@gmail.com,cyc1982@gmail.com,Iván,Iván,Notas57,si,16
35074796A,Inmaculada,De La Peña Del Álamo,C/ Campo 78,8458919407,407,dondinero@gmail.com,LIllescas@rmv.com,Inmaculada,Inmaculada,Notas7,no,8
90375694T,Fernando,De Las Heras Salado,C/ La Plata 157,8324716776,776,panecillo2@gmail.com,taison56@gmail.com,Fernando,Fernando,Notas97,no,3
07587981M,Julián,De Oliveira Cuervo,C/ Rayos 53,6385632898,898,fronteras@gmail.com,palma15@gmail.com,Julián,Julián,Notas78,no,1
82326463X,Luis Miguel,De Paz Domenech,C/ Maestro Chapí 19,8412081918,918,elniño@yahoo.es,uceda@gmail.com,lMiguel,lMiguel,Notas44,si,13
84668200W,José Miguel,Del Hoyo Llano,C/ Antonio Maura 25,8286636267,267,prieto@gmail.com,purificacion3@gmail.com,Miguel,Miguel,Notas42,no,2
34311549B,Teresa,Encinas Alcolea,Av. Jesus Carranza 123,6910233572,572,despierta@gmail.com,meneolarida@gmail.com,Teresa,Teresa,Notas67,si,12
79581602S,Ramón,Estévez Manchado,C/ Moreno 96,7256588649,649,cadenas@gmail.com,comilon1991@gmail.com,Ramón,Ramón,Notas77,si,10
02275490P,Julio,Feito Carnero,C/ Nueva 7,7729945017,017,mozillo@hotmail.com,luzm@hotmail.com,Julio,Julio,Notas25,si,4
54826350P,Guillermo,Fernandez Bastida,C/ Geranio 45,7917081194,194,readme@locura.es,inm@hotmail.com,Guille,Guille,Notas59,si,11
68170693G,Emilia,Flores Arregui,C/ Los Paises 11,6719011254,254,sims@gmail.com,somosiguales@gmail.com,Emilia,Emilia,Notas82,si,16
40232490Q,Sonia,Gallegos Almagro,C/ Córdoba 45,6357286026,026,cursy23@hotmail.com,señorangulo@gmail.com,Sonia,Sonia,Notas80,no,1
38999094H,Aitor,Garate Monje,Av. Papalopan 552,6845923701,,power@gmail.com,almuman@gmail.com,Aitor,Aitor,Notas83,si,14
81285140N,Ramón,Gavira López,Av. Carlos Tercero 78,8491097580,580,roslla@gmail.com,confianza@yahoo.es,Ramón,Ramón,Notas31,si,14
94444608F,Felipe,Gijón Collazo,C/ La República 69,8419079818,818,j3456@yahoo.com,vespino1@gmail.com,Felipe,Felipe,Notas62,si,9
32107178Y,Manuel,Ginés Pedrosa,C/ Los Sesmos 15,7383924030,030,ramas@gmail.com,mikups@gmail.com,Manuel,Manuel,Notas71,si,10
99003249W,Susana,Guevara Romo,Av. Santa Ana 69,7120769174,174,extenso@hotmail.com,nuria2@gmail.com,Susana,Susana,Notas23,si,11
69897162R,José,Guisado Patón,C/ Pacifismo 43,6600526677,677,nx@gmail.com,rosalia@yahoo.es,José,José,Notas48,no,2
68916646K,Pablo,Herrero Albaladejo,C/ Carlota 9,7823638581,581,lalyloca@gmail.com,luismariano34@gmail.com,Pablo,Pablo,Notas91,no,3
93236731K,Inés,Jaramillo Cabral,Av. Cruz de Mayo 01,8522571660,660,licos@gmail.com,bermejo90@gmail.com,Inés,Inés,Notas47,si,13
0000000000J,JesusRio5491,Jesus RTio,CYla ersrer,66556456454,34453453,53453453,45345353,45345,34534,si,si,0
20431668D,Maria Antonia,Lama Calle,Av. Ramón y Cajal 1,6618557738,738,lucky@yahoo.com,elzarpas@gmail.com,Antonia,Antonia,Notas87,no,3
08056801Q,Gloria,Landa Valladares,C/ Velasco 23,7719186054,054,fallgordo2@gmail.com,jose_antonio@gmail.com,Gloria,Gloria,Notas94,si,19
10613708J,Julián,Larrea Cuartero,C/ Abril 44,7872272060,060,sonrisasy1@gmail.com,sando@gmail.com,Juli,Juli,Notas74,si,8
90013134N,Mónica,Lasheras Iborra,C/ Ruiz de Maio 45,8428459240,240,indignado2@gmail.com,elpotro@hotmail.com,Mónica,Mónica,Notas95,no,4
45561611Z,Maria Concepción,Losa Rico,Av. San Antonio 74,8957495427,427,wee@gmail.com,luisantonio@hotmail.com,Maria,Maria,Notas35,si,10
09291708F,José Antonio,Lugo Prada,C/ Granada 11,6696550840,840,lalarapam@gmail.com,cgbda@gmail.com,José,José,Notas81,si,13
51580745W,Salvador,Malagón Picón,C/ Cuerpo Cristo 78,7117997866,866,chichos@uco.es,llburgos@hotmail.com,Salvador,Salvador,Notas36,si,11
85532944S,Dolores,Melero Caballero,C/ Federico 13,8180608325,325,cliente@gmail.com,garzon@gmail.com,Dolores,Dolores,Notas85,si,15
07124389R,Isabel,Melián Candel,C/ Ocampo 88,6277658388,388,yo2@gmail.com,noa@gmail.com,Isabel,Isabel,Notas8,no,1
28976749S,Francisco,Miguel Rus,C/ Morenos 45,8236023197,197,zuper_yo@gmail.com,sandramuay@gmail.com,Fran,Fran,Notas100,si,10
11332038F,Francisco Javier,Mir Prado,C/ Margarita 90,7124835013,013,reyes23@hotmail.com,canel@hotmail.com,Franciscoja,Franciscoja,Notas70,no,2
49762132E,José Antonio,Miranda Cerón,C/ Aldama 153,7941371311,311,sueña@hotmail.com,ventillero3@gmail.com,Joséa,Joséa,Notas68,si,11
91833469N,Pedro,Montenegro Quiros,Av. La República 99,7123870677,677,discrepo45@gmail.com,roleisie@gmail.com,Pedro,Pedro,Notas93,si,18
77198651W,Nicolás,Moraleda Higuera,C/ Enero 33,6694996760,760,solosolisimo@gmail.com,salamera@hotmail.com,Nicolás,Nicolás,Notas20,no,1
19922353Y,Gloria,Murillo Paris,C/ Latinos 36,6267872356,356,todosa1@gmail.com,jose23@gmail.com,Gloria,Gloria,Notas19,no,2
35307286D,Ana Maria,Nebot Vilchez,C/ Los Viveros 67,8245637264,264,Amareto24@gmail.com,alex@hotmail.com,aMaria,aMaria,Notas64,si,13
51421389J,Ismael,Pablo Magdaleno,C/ Ciguela 888,8699387732,732,tupuedes@msn.com,miferleon@gmail.com,Ismael,Ismael,Notas45,si,12
57025995W,Marina,Pachón Navarro,Av. Noviembre 1024,6286693980,980,lucas@gmail.com,lucas@hotmail.com,Marina,Marina,Notas3,si,15
43089897H,Francisco José,Pares Couso,Av. Soledad 11,6603791972,972,atuve@gmail.com,pipacordi@gmail.com,Francisco,Francisco,Notas54,no,2
52404027E,Nicolás,Parrado Baz,C/ Portal 36,6697201647,647,vereda@gmail.com,eulalia2@gmail.com,Nicolás,Nicolás,Notas26,no,2
70094688A,José,Patón Guisado,C/ Moya 11,8951912765,765,madre@gmail.com,todoymas@gmail.com,José,José,Notas50,no,1
22276484H,Miriam,Paya Blasco,Av. Aulio Cornelio 48,8238600268,268,ingeniero1@hotmail.com,huevo@yahoo.es,Miriam,Miriam,Notas17,no,1
31651689D,Julián,Paz Serna,C/ Montalban 98,7646940190,190,carlangas12@gmail.com,lucrecia1@gmail.com,Julián,Julián,Notas14,no,1
59645781L,Maria Mercedes,Pelaez Boix,C/ El Sol 33,7589551074,074,hijosdelatierra@gmail.com,vidasana@hotmail.com,Mercedes,Mercedes,Notas76,no,2
30593119Z,Juan Francisco,Peral Olivas,Av. Independencia 241,6608243652,652,irene12@gmail.com,apeflo@gmail.com,Juan,Juan,Notas2,no,2
80584099B,Juan Francisco,Peralta Herrera,C/ Portal 21,8947521507,507,elmusico@hotmail.com,vimayebe@gmail.com,Francisco,Francisco,Notas46,si,12
10875584B,Lorenzo,Pernas Novas,Av. República Argentina 12,7143597637,637,hnosramillo@gmail.com,cyj1991@gmail.com,Lorenzo,Lorenzo,Notas56,no,2
15187983W,José Ramón,Pintado Jaime,C/ El Cisne 90,8304006289,289,lagrimas23@gmail.com,saramural@gmail.com,Josera,Josera,Notas75,no,3
53300367Y,Monstserrat,Pires Caballero,C/ Don Lopez de Sosa 77,7869646060,060,razele@hotmail.com,virgi98@gmail.com,Monstserrat,Monstserrat,Notas43,no,1
05570177Z,Maria Mar,Pop Obregón,C/ Tristeza 88,6870595226,226,puerta@hotmail.com,salmorejo@gmail.com,Maria,Maria,Notas21,si,17
69986618X,Jose Maria,Portillo Godino,C/ Zaragoza 1010,6339638256,256,antonio1@gmail.com,memoria@gmail.com,Jose Maria,Jose Maria,Notas4,si,4
33643120P,Maria Concepción,Pradas Holguin,C/ Ignacio Rayon 74,6199395961,961,lucatoni@gmail.com,nico@gmail.com,Maria,Maria,Notas10,no,3
35345644A,Carla,Pulido Arrieta,C/ Los Chinos 92,6944782115,115,recicla2@hotmail.com,bala1991@gmail.com,Carla,Carla,Notas86,si,6
33614525W,Ana Isabel,Rioja Calderón,C/ Doña Mencia 36,7130265768,768,word@hotmail.com,luisabonillo@hotmail.com,Ana,Ana,Notas33,no,1
37125119Z,Alicia,Rojas Quiros,C/ Maria Luisa 09,6431880802,802,señal@gmail.com,jerryjaleo@gmail.com,Alicia,Alicia,Notas66,si,20
04098354F,Adrián,Saiz Tejedor,C/ Judas Tadeo 12,7487321013,701,equipo2@gmail.com,ballesteros@gmail.com,Adrián,Adrián,Notas84,no,1
50022771W,Alejandro,San Juan De Juan,Av. Gran via Parque 963,7336741350,350,faceta@hotmail.com,luci992a@gmail.com,Alejandro,Alejandro,Notas30,no,2
56887935B,Esteban,Seco Garmendia,Av. Medina Azahara 15,7570823138,138,carpeta@gmail.com,newlui@gmail.com,Esteban,Esteban,Notas29,no,3
90190188N,Aurora,Sobrino Montiel,C/ Marruecos 1,6144683248,248,index@hotmail.com,ratilla@gmail.com,Aurora,Aurora,Notas52,si,9
07703929X,Patricia,Somoza Teruel,C/ Puente Genil 20,6411516288,288,robert@hotmail.com,adolfobonila@gmail.com,Patricia,Patricia,Notas34,no,1
02867838Z,Victor,Tellez David,Av. Guadalquivir 77,6930162091,091,nicolas@hotmail.com,jyantonio@gmail.com,Victor,Victor,Notas40,no,3
86435303S,Cristina,Tolosa Egea,Av. Arroyo del Moro 63,8780888814,814,poderyrespeto@gmail.com,luna@gmail.com,Cristina,Cristina,Notas18,si,15
43152504L,Josefa,Tome Bárcena,Av. Los Potros 12,6499480516,516,google@uco.es,terroristwin@hotmail.com,Josefa,Josefa,Notas58,no,2
35494213S,Maria Cristina,Torrecillas Armenteros,C/ Baena 77,7418294001,001,devino51@hotmail.com,lusan45@gmail.com,Mariac,Mariac,Notas32,si,15
49838839R,Natalia,Torrejón Cuéllar,Av. Los Ingenieros 32,6315944870,870,descara@hotmail.com,luzdivina@gmail.com,Natalia,Natalia,Notas49,si,14
53556344Q,Miriam,Torrente Varona,C/ Ancha 4,6881037318,318,brugal4@gmail.com,pelirojo99@gmail.com,Miriam,Miriam,Notas98,no,2
28855616T,Sandra,Triviño Enrique,Av. Agrupación Córdoba 1224,8269483116,116,tierra@yahoo.com,pablo@gmail.com,Sandra,Sandra,Notas61,si,8
25013832K,Rosa Maria,Valcarcel Belda,Av. Virgen de Belen 723,8952927946,946,i32aloel@uco.es,yai23@gmail.com,Rosa,Rosa,Notas37,no,2
62280508G,Maria Luisa,Valverde Pujol,C/ Gran Canarias 12,8294959896,896,abogado@hotmail.com,sevilla@gmail.com,Luisa,Luisa,Notas55,si,9
41910009F,Joaquin,Velazquez Asenjo,C/ Zapatero 12,6790917363,363,dnises@gmail.com,villarubia@hotmail.com,Joaquin,Joaquin,Notas88,no,2
96261885P,Santiago,Ávila Dalmau,C/ Juan Bautista 11,8917094819,819,todoymas@hotmail.com,poesiamanda@gmail.com,Santiago,Santiago,Notas65,si,14
